"","fip","link_fip","file"
"1","C1206","http://www.bls.gov/cew/data/api/2012/1/area/C1206.csv","downloads/_C1206_1_.csv"
"2","C1206","http://www.bls.gov/cew/data/api/2013/1/area/C1206.csv","downloads/_C1206_2_.csv"
"3","C1206","http://www.bls.gov/cew/data/api/2014/1/area/C1206.csv","downloads/_C1206_3_.csv"
"4","C1206","http://www.bls.gov/cew/data/api/2015/1/area/C1206.csv","downloads/_C1206_4_.csv"
"5","C1206","http://www.bls.gov/cew/data/api/2016/1/area/C1206.csv","downloads/_C1206_5_.csv"
"6","C1206","http://www.bls.gov/cew/data/api/2012/2/area/C1206.csv","downloads/_C1206_6_.csv"
"7","C1206","http://www.bls.gov/cew/data/api/2013/2/area/C1206.csv","downloads/_C1206_7_.csv"
"8","C1206","http://www.bls.gov/cew/data/api/2014/2/area/C1206.csv","downloads/_C1206_8_.csv"
"9","C1206","http://www.bls.gov/cew/data/api/2015/2/area/C1206.csv","downloads/_C1206_9_.csv"
"10","C1206","http://www.bls.gov/cew/data/api/2016/2/area/C1206.csv","downloads/_C1206_10_.csv"
"11","C1206","http://www.bls.gov/cew/data/api/2012/3/area/C1206.csv","downloads/_C1206_11_.csv"
"12","C1206","http://www.bls.gov/cew/data/api/2013/3/area/C1206.csv","downloads/_C1206_12_.csv"
"13","C1206","http://www.bls.gov/cew/data/api/2014/3/area/C1206.csv","downloads/_C1206_13_.csv"
"14","C1206","http://www.bls.gov/cew/data/api/2015/3/area/C1206.csv","downloads/_C1206_14_.csv"
"15","C1206","http://www.bls.gov/cew/data/api/2016/3/area/C1206.csv","downloads/_C1206_15_.csv"
"16","C1206","http://www.bls.gov/cew/data/api/2012/4/area/C1206.csv","downloads/_C1206_16_.csv"
"17","C1206","http://www.bls.gov/cew/data/api/2013/4/area/C1206.csv","downloads/_C1206_17_.csv"
"18","C1206","http://www.bls.gov/cew/data/api/2014/4/area/C1206.csv","downloads/_C1206_18_.csv"
"19","C1206","http://www.bls.gov/cew/data/api/2015/4/area/C1206.csv","downloads/_C1206_19_.csv"
"20","C1206","http://www.bls.gov/cew/data/api/2016/4/area/C1206.csv","downloads/_C1206_20_.csv"
"21","C1242","http://www.bls.gov/cew/data/api/2012/1/area/C1242.csv","downloads/_C1242_1_.csv"
"22","C1242","http://www.bls.gov/cew/data/api/2013/1/area/C1242.csv","downloads/_C1242_2_.csv"
"23","C1242","http://www.bls.gov/cew/data/api/2014/1/area/C1242.csv","downloads/_C1242_3_.csv"
"24","C1242","http://www.bls.gov/cew/data/api/2015/1/area/C1242.csv","downloads/_C1242_4_.csv"
"25","C1242","http://www.bls.gov/cew/data/api/2016/1/area/C1242.csv","downloads/_C1242_5_.csv"
"26","C1242","http://www.bls.gov/cew/data/api/2012/2/area/C1242.csv","downloads/_C1242_6_.csv"
"27","C1242","http://www.bls.gov/cew/data/api/2013/2/area/C1242.csv","downloads/_C1242_7_.csv"
"28","C1242","http://www.bls.gov/cew/data/api/2014/2/area/C1242.csv","downloads/_C1242_8_.csv"
"29","C1242","http://www.bls.gov/cew/data/api/2015/2/area/C1242.csv","downloads/_C1242_9_.csv"
"30","C1242","http://www.bls.gov/cew/data/api/2016/2/area/C1242.csv","downloads/_C1242_10_.csv"
"31","C1242","http://www.bls.gov/cew/data/api/2012/3/area/C1242.csv","downloads/_C1242_11_.csv"
"32","C1242","http://www.bls.gov/cew/data/api/2013/3/area/C1242.csv","downloads/_C1242_12_.csv"
"33","C1242","http://www.bls.gov/cew/data/api/2014/3/area/C1242.csv","downloads/_C1242_13_.csv"
"34","C1242","http://www.bls.gov/cew/data/api/2015/3/area/C1242.csv","downloads/_C1242_14_.csv"
"35","C1242","http://www.bls.gov/cew/data/api/2016/3/area/C1242.csv","downloads/_C1242_15_.csv"
"36","C1242","http://www.bls.gov/cew/data/api/2012/4/area/C1242.csv","downloads/_C1242_16_.csv"
"37","C1242","http://www.bls.gov/cew/data/api/2013/4/area/C1242.csv","downloads/_C1242_17_.csv"
"38","C1242","http://www.bls.gov/cew/data/api/2014/4/area/C1242.csv","downloads/_C1242_18_.csv"
"39","C1242","http://www.bls.gov/cew/data/api/2015/4/area/C1242.csv","downloads/_C1242_19_.csv"
"40","C1242","http://www.bls.gov/cew/data/api/2016/4/area/C1242.csv","downloads/_C1242_20_.csv"
"41","C1446","http://www.bls.gov/cew/data/api/2012/1/area/C1446.csv","downloads/_C1446_1_.csv"
"42","C1446","http://www.bls.gov/cew/data/api/2013/1/area/C1446.csv","downloads/_C1446_2_.csv"
"43","C1446","http://www.bls.gov/cew/data/api/2014/1/area/C1446.csv","downloads/_C1446_3_.csv"
"44","C1446","http://www.bls.gov/cew/data/api/2015/1/area/C1446.csv","downloads/_C1446_4_.csv"
"45","C1446","http://www.bls.gov/cew/data/api/2016/1/area/C1446.csv","downloads/_C1446_5_.csv"
"46","C1446","http://www.bls.gov/cew/data/api/2012/2/area/C1446.csv","downloads/_C1446_6_.csv"
"47","C1446","http://www.bls.gov/cew/data/api/2013/2/area/C1446.csv","downloads/_C1446_7_.csv"
"48","C1446","http://www.bls.gov/cew/data/api/2014/2/area/C1446.csv","downloads/_C1446_8_.csv"
"49","C1446","http://www.bls.gov/cew/data/api/2015/2/area/C1446.csv","downloads/_C1446_9_.csv"
"50","C1446","http://www.bls.gov/cew/data/api/2016/2/area/C1446.csv","downloads/_C1446_10_.csv"
"51","C1446","http://www.bls.gov/cew/data/api/2012/3/area/C1446.csv","downloads/_C1446_11_.csv"
"52","C1446","http://www.bls.gov/cew/data/api/2013/3/area/C1446.csv","downloads/_C1446_12_.csv"
"53","C1446","http://www.bls.gov/cew/data/api/2014/3/area/C1446.csv","downloads/_C1446_13_.csv"
"54","C1446","http://www.bls.gov/cew/data/api/2015/3/area/C1446.csv","downloads/_C1446_14_.csv"
"55","C1446","http://www.bls.gov/cew/data/api/2016/3/area/C1446.csv","downloads/_C1446_15_.csv"
"56","C1446","http://www.bls.gov/cew/data/api/2012/4/area/C1446.csv","downloads/_C1446_16_.csv"
"57","C1446","http://www.bls.gov/cew/data/api/2013/4/area/C1446.csv","downloads/_C1446_17_.csv"
"58","C1446","http://www.bls.gov/cew/data/api/2014/4/area/C1446.csv","downloads/_C1446_18_.csv"
"59","C1446","http://www.bls.gov/cew/data/api/2015/4/area/C1446.csv","downloads/_C1446_19_.csv"
"60","C1446","http://www.bls.gov/cew/data/api/2016/4/area/C1446.csv","downloads/_C1446_20_.csv"
"61","C1698","http://www.bls.gov/cew/data/api/2012/1/area/C1698.csv","downloads/_C1698_1_.csv"
"62","C1698","http://www.bls.gov/cew/data/api/2013/1/area/C1698.csv","downloads/_C1698_2_.csv"
"63","C1698","http://www.bls.gov/cew/data/api/2014/1/area/C1698.csv","downloads/_C1698_3_.csv"
"64","C1698","http://www.bls.gov/cew/data/api/2015/1/area/C1698.csv","downloads/_C1698_4_.csv"
"65","C1698","http://www.bls.gov/cew/data/api/2016/1/area/C1698.csv","downloads/_C1698_5_.csv"
"66","C1698","http://www.bls.gov/cew/data/api/2012/2/area/C1698.csv","downloads/_C1698_6_.csv"
"67","C1698","http://www.bls.gov/cew/data/api/2013/2/area/C1698.csv","downloads/_C1698_7_.csv"
"68","C1698","http://www.bls.gov/cew/data/api/2014/2/area/C1698.csv","downloads/_C1698_8_.csv"
"69","C1698","http://www.bls.gov/cew/data/api/2015/2/area/C1698.csv","downloads/_C1698_9_.csv"
"70","C1698","http://www.bls.gov/cew/data/api/2016/2/area/C1698.csv","downloads/_C1698_10_.csv"
"71","C1698","http://www.bls.gov/cew/data/api/2012/3/area/C1698.csv","downloads/_C1698_11_.csv"
"72","C1698","http://www.bls.gov/cew/data/api/2013/3/area/C1698.csv","downloads/_C1698_12_.csv"
"73","C1698","http://www.bls.gov/cew/data/api/2014/3/area/C1698.csv","downloads/_C1698_13_.csv"
"74","C1698","http://www.bls.gov/cew/data/api/2015/3/area/C1698.csv","downloads/_C1698_14_.csv"
"75","C1698","http://www.bls.gov/cew/data/api/2016/3/area/C1698.csv","downloads/_C1698_15_.csv"
"76","C1698","http://www.bls.gov/cew/data/api/2012/4/area/C1698.csv","downloads/_C1698_16_.csv"
"77","C1698","http://www.bls.gov/cew/data/api/2013/4/area/C1698.csv","downloads/_C1698_17_.csv"
"78","C1698","http://www.bls.gov/cew/data/api/2014/4/area/C1698.csv","downloads/_C1698_18_.csv"
"79","C1698","http://www.bls.gov/cew/data/api/2015/4/area/C1698.csv","downloads/_C1698_19_.csv"
"80","C1698","http://www.bls.gov/cew/data/api/2016/4/area/C1698.csv","downloads/_C1698_20_.csv"
"81","C1974","http://www.bls.gov/cew/data/api/2012/1/area/C1974.csv","downloads/_C1974_1_.csv"
"82","C1974","http://www.bls.gov/cew/data/api/2013/1/area/C1974.csv","downloads/_C1974_2_.csv"
"83","C1974","http://www.bls.gov/cew/data/api/2014/1/area/C1974.csv","downloads/_C1974_3_.csv"
"84","C1974","http://www.bls.gov/cew/data/api/2015/1/area/C1974.csv","downloads/_C1974_4_.csv"
"85","C1974","http://www.bls.gov/cew/data/api/2016/1/area/C1974.csv","downloads/_C1974_5_.csv"
"86","C1974","http://www.bls.gov/cew/data/api/2012/2/area/C1974.csv","downloads/_C1974_6_.csv"
"87","C1974","http://www.bls.gov/cew/data/api/2013/2/area/C1974.csv","downloads/_C1974_7_.csv"
"88","C1974","http://www.bls.gov/cew/data/api/2014/2/area/C1974.csv","downloads/_C1974_8_.csv"
"89","C1974","http://www.bls.gov/cew/data/api/2015/2/area/C1974.csv","downloads/_C1974_9_.csv"
"90","C1974","http://www.bls.gov/cew/data/api/2016/2/area/C1974.csv","downloads/_C1974_10_.csv"
"91","C1974","http://www.bls.gov/cew/data/api/2012/3/area/C1974.csv","downloads/_C1974_11_.csv"
"92","C1974","http://www.bls.gov/cew/data/api/2013/3/area/C1974.csv","downloads/_C1974_12_.csv"
"93","C1974","http://www.bls.gov/cew/data/api/2014/3/area/C1974.csv","downloads/_C1974_13_.csv"
"94","C1974","http://www.bls.gov/cew/data/api/2015/3/area/C1974.csv","downloads/_C1974_14_.csv"
"95","C1974","http://www.bls.gov/cew/data/api/2016/3/area/C1974.csv","downloads/_C1974_15_.csv"
"96","C1974","http://www.bls.gov/cew/data/api/2012/4/area/C1974.csv","downloads/_C1974_16_.csv"
"97","C1974","http://www.bls.gov/cew/data/api/2013/4/area/C1974.csv","downloads/_C1974_17_.csv"
"98","C1974","http://www.bls.gov/cew/data/api/2014/4/area/C1974.csv","downloads/_C1974_18_.csv"
"99","C1974","http://www.bls.gov/cew/data/api/2015/4/area/C1974.csv","downloads/_C1974_19_.csv"
"100","C1974","http://www.bls.gov/cew/data/api/2016/4/area/C1974.csv","downloads/_C1974_20_.csv"
"101","C1982","http://www.bls.gov/cew/data/api/2012/1/area/C1982.csv","downloads/_C1982_1_.csv"
"102","C1982","http://www.bls.gov/cew/data/api/2013/1/area/C1982.csv","downloads/_C1982_2_.csv"
"103","C1982","http://www.bls.gov/cew/data/api/2014/1/area/C1982.csv","downloads/_C1982_3_.csv"
"104","C1982","http://www.bls.gov/cew/data/api/2015/1/area/C1982.csv","downloads/_C1982_4_.csv"
"105","C1982","http://www.bls.gov/cew/data/api/2016/1/area/C1982.csv","downloads/_C1982_5_.csv"
"106","C1982","http://www.bls.gov/cew/data/api/2012/2/area/C1982.csv","downloads/_C1982_6_.csv"
"107","C1982","http://www.bls.gov/cew/data/api/2013/2/area/C1982.csv","downloads/_C1982_7_.csv"
"108","C1982","http://www.bls.gov/cew/data/api/2014/2/area/C1982.csv","downloads/_C1982_8_.csv"
"109","C1982","http://www.bls.gov/cew/data/api/2015/2/area/C1982.csv","downloads/_C1982_9_.csv"
"110","C1982","http://www.bls.gov/cew/data/api/2016/2/area/C1982.csv","downloads/_C1982_10_.csv"
"111","C1982","http://www.bls.gov/cew/data/api/2012/3/area/C1982.csv","downloads/_C1982_11_.csv"
"112","C1982","http://www.bls.gov/cew/data/api/2013/3/area/C1982.csv","downloads/_C1982_12_.csv"
"113","C1982","http://www.bls.gov/cew/data/api/2014/3/area/C1982.csv","downloads/_C1982_13_.csv"
"114","C1982","http://www.bls.gov/cew/data/api/2015/3/area/C1982.csv","downloads/_C1982_14_.csv"
"115","C1982","http://www.bls.gov/cew/data/api/2016/3/area/C1982.csv","downloads/_C1982_15_.csv"
"116","C1982","http://www.bls.gov/cew/data/api/2012/4/area/C1982.csv","downloads/_C1982_16_.csv"
"117","C1982","http://www.bls.gov/cew/data/api/2013/4/area/C1982.csv","downloads/_C1982_17_.csv"
"118","C1982","http://www.bls.gov/cew/data/api/2014/4/area/C1982.csv","downloads/_C1982_18_.csv"
"119","C1982","http://www.bls.gov/cew/data/api/2015/4/area/C1982.csv","downloads/_C1982_19_.csv"
"120","C1982","http://www.bls.gov/cew/data/api/2016/4/area/C1982.csv","downloads/_C1982_20_.csv"
"121","C2050","http://www.bls.gov/cew/data/api/2012/1/area/C2050.csv","downloads/_C2050_1_.csv"
"122","C2050","http://www.bls.gov/cew/data/api/2013/1/area/C2050.csv","downloads/_C2050_2_.csv"
"123","C2050","http://www.bls.gov/cew/data/api/2014/1/area/C2050.csv","downloads/_C2050_3_.csv"
"124","C2050","http://www.bls.gov/cew/data/api/2015/1/area/C2050.csv","downloads/_C2050_4_.csv"
"125","C2050","http://www.bls.gov/cew/data/api/2016/1/area/C2050.csv","downloads/_C2050_5_.csv"
"126","C2050","http://www.bls.gov/cew/data/api/2012/2/area/C2050.csv","downloads/_C2050_6_.csv"
"127","C2050","http://www.bls.gov/cew/data/api/2013/2/area/C2050.csv","downloads/_C2050_7_.csv"
"128","C2050","http://www.bls.gov/cew/data/api/2014/2/area/C2050.csv","downloads/_C2050_8_.csv"
"129","C2050","http://www.bls.gov/cew/data/api/2015/2/area/C2050.csv","downloads/_C2050_9_.csv"
"130","C2050","http://www.bls.gov/cew/data/api/2016/2/area/C2050.csv","downloads/_C2050_10_.csv"
"131","C2050","http://www.bls.gov/cew/data/api/2012/3/area/C2050.csv","downloads/_C2050_11_.csv"
"132","C2050","http://www.bls.gov/cew/data/api/2013/3/area/C2050.csv","downloads/_C2050_12_.csv"
"133","C2050","http://www.bls.gov/cew/data/api/2014/3/area/C2050.csv","downloads/_C2050_13_.csv"
"134","C2050","http://www.bls.gov/cew/data/api/2015/3/area/C2050.csv","downloads/_C2050_14_.csv"
"135","C2050","http://www.bls.gov/cew/data/api/2016/3/area/C2050.csv","downloads/_C2050_15_.csv"
"136","C2050","http://www.bls.gov/cew/data/api/2012/4/area/C2050.csv","downloads/_C2050_16_.csv"
"137","C2050","http://www.bls.gov/cew/data/api/2013/4/area/C2050.csv","downloads/_C2050_17_.csv"
"138","C2050","http://www.bls.gov/cew/data/api/2014/4/area/C2050.csv","downloads/_C2050_18_.csv"
"139","C2050","http://www.bls.gov/cew/data/api/2015/4/area/C2050.csv","downloads/_C2050_19_.csv"
"140","C2050","http://www.bls.gov/cew/data/api/2016/4/area/C2050.csv","downloads/_C2050_20_.csv"
"141","C3310","http://www.bls.gov/cew/data/api/2012/1/area/C3310.csv","downloads/_C3310_1_.csv"
"142","C3310","http://www.bls.gov/cew/data/api/2013/1/area/C3310.csv","downloads/_C3310_2_.csv"
"143","C3310","http://www.bls.gov/cew/data/api/2014/1/area/C3310.csv","downloads/_C3310_3_.csv"
"144","C3310","http://www.bls.gov/cew/data/api/2015/1/area/C3310.csv","downloads/_C3310_4_.csv"
"145","C3310","http://www.bls.gov/cew/data/api/2016/1/area/C3310.csv","downloads/_C3310_5_.csv"
"146","C3310","http://www.bls.gov/cew/data/api/2012/2/area/C3310.csv","downloads/_C3310_6_.csv"
"147","C3310","http://www.bls.gov/cew/data/api/2013/2/area/C3310.csv","downloads/_C3310_7_.csv"
"148","C3310","http://www.bls.gov/cew/data/api/2014/2/area/C3310.csv","downloads/_C3310_8_.csv"
"149","C3310","http://www.bls.gov/cew/data/api/2015/2/area/C3310.csv","downloads/_C3310_9_.csv"
"150","C3310","http://www.bls.gov/cew/data/api/2016/2/area/C3310.csv","downloads/_C3310_10_.csv"
"151","C3310","http://www.bls.gov/cew/data/api/2012/3/area/C3310.csv","downloads/_C3310_11_.csv"
"152","C3310","http://www.bls.gov/cew/data/api/2013/3/area/C3310.csv","downloads/_C3310_12_.csv"
"153","C3310","http://www.bls.gov/cew/data/api/2014/3/area/C3310.csv","downloads/_C3310_13_.csv"
"154","C3310","http://www.bls.gov/cew/data/api/2015/3/area/C3310.csv","downloads/_C3310_14_.csv"
"155","C3310","http://www.bls.gov/cew/data/api/2016/3/area/C3310.csv","downloads/_C3310_15_.csv"
"156","C3310","http://www.bls.gov/cew/data/api/2012/4/area/C3310.csv","downloads/_C3310_16_.csv"
"157","C3310","http://www.bls.gov/cew/data/api/2013/4/area/C3310.csv","downloads/_C3310_17_.csv"
"158","C3310","http://www.bls.gov/cew/data/api/2014/4/area/C3310.csv","downloads/_C3310_18_.csv"
"159","C3310","http://www.bls.gov/cew/data/api/2015/4/area/C3310.csv","downloads/_C3310_19_.csv"
"160","C3310","http://www.bls.gov/cew/data/api/2016/4/area/C3310.csv","downloads/_C3310_20_.csv"
"161","C3798","http://www.bls.gov/cew/data/api/2012/1/area/C3798.csv","downloads/_C3798_1_.csv"
"162","C3798","http://www.bls.gov/cew/data/api/2013/1/area/C3798.csv","downloads/_C3798_2_.csv"
"163","C3798","http://www.bls.gov/cew/data/api/2014/1/area/C3798.csv","downloads/_C3798_3_.csv"
"164","C3798","http://www.bls.gov/cew/data/api/2015/1/area/C3798.csv","downloads/_C3798_4_.csv"
"165","C3798","http://www.bls.gov/cew/data/api/2016/1/area/C3798.csv","downloads/_C3798_5_.csv"
"166","C3798","http://www.bls.gov/cew/data/api/2012/2/area/C3798.csv","downloads/_C3798_6_.csv"
"167","C3798","http://www.bls.gov/cew/data/api/2013/2/area/C3798.csv","downloads/_C3798_7_.csv"
"168","C3798","http://www.bls.gov/cew/data/api/2014/2/area/C3798.csv","downloads/_C3798_8_.csv"
"169","C3798","http://www.bls.gov/cew/data/api/2015/2/area/C3798.csv","downloads/_C3798_9_.csv"
"170","C3798","http://www.bls.gov/cew/data/api/2016/2/area/C3798.csv","downloads/_C3798_10_.csv"
"171","C3798","http://www.bls.gov/cew/data/api/2012/3/area/C3798.csv","downloads/_C3798_11_.csv"
"172","C3798","http://www.bls.gov/cew/data/api/2013/3/area/C3798.csv","downloads/_C3798_12_.csv"
"173","C3798","http://www.bls.gov/cew/data/api/2014/3/area/C3798.csv","downloads/_C3798_13_.csv"
"174","C3798","http://www.bls.gov/cew/data/api/2015/3/area/C3798.csv","downloads/_C3798_14_.csv"
"175","C3798","http://www.bls.gov/cew/data/api/2016/3/area/C3798.csv","downloads/_C3798_15_.csv"
"176","C3798","http://www.bls.gov/cew/data/api/2012/4/area/C3798.csv","downloads/_C3798_16_.csv"
"177","C3798","http://www.bls.gov/cew/data/api/2013/4/area/C3798.csv","downloads/_C3798_17_.csv"
"178","C3798","http://www.bls.gov/cew/data/api/2014/4/area/C3798.csv","downloads/_C3798_18_.csv"
"179","C3798","http://www.bls.gov/cew/data/api/2015/4/area/C3798.csv","downloads/_C3798_19_.csv"
"180","C3798","http://www.bls.gov/cew/data/api/2016/4/area/C3798.csv","downloads/_C3798_20_.csv"
"181","C3806","http://www.bls.gov/cew/data/api/2012/1/area/C3806.csv","downloads/_C3806_1_.csv"
"182","C3806","http://www.bls.gov/cew/data/api/2013/1/area/C3806.csv","downloads/_C3806_2_.csv"
"183","C3806","http://www.bls.gov/cew/data/api/2014/1/area/C3806.csv","downloads/_C3806_3_.csv"
"184","C3806","http://www.bls.gov/cew/data/api/2015/1/area/C3806.csv","downloads/_C3806_4_.csv"
"185","C3806","http://www.bls.gov/cew/data/api/2016/1/area/C3806.csv","downloads/_C3806_5_.csv"
"186","C3806","http://www.bls.gov/cew/data/api/2012/2/area/C3806.csv","downloads/_C3806_6_.csv"
"187","C3806","http://www.bls.gov/cew/data/api/2013/2/area/C3806.csv","downloads/_C3806_7_.csv"
"188","C3806","http://www.bls.gov/cew/data/api/2014/2/area/C3806.csv","downloads/_C3806_8_.csv"
"189","C3806","http://www.bls.gov/cew/data/api/2015/2/area/C3806.csv","downloads/_C3806_9_.csv"
"190","C3806","http://www.bls.gov/cew/data/api/2016/2/area/C3806.csv","downloads/_C3806_10_.csv"
"191","C3806","http://www.bls.gov/cew/data/api/2012/3/area/C3806.csv","downloads/_C3806_11_.csv"
"192","C3806","http://www.bls.gov/cew/data/api/2013/3/area/C3806.csv","downloads/_C3806_12_.csv"
"193","C3806","http://www.bls.gov/cew/data/api/2014/3/area/C3806.csv","downloads/_C3806_13_.csv"
"194","C3806","http://www.bls.gov/cew/data/api/2015/3/area/C3806.csv","downloads/_C3806_14_.csv"
"195","C3806","http://www.bls.gov/cew/data/api/2016/3/area/C3806.csv","downloads/_C3806_15_.csv"
"196","C3806","http://www.bls.gov/cew/data/api/2012/4/area/C3806.csv","downloads/_C3806_16_.csv"
"197","C3806","http://www.bls.gov/cew/data/api/2013/4/area/C3806.csv","downloads/_C3806_17_.csv"
"198","C3806","http://www.bls.gov/cew/data/api/2014/4/area/C3806.csv","downloads/_C3806_18_.csv"
"199","C3806","http://www.bls.gov/cew/data/api/2015/4/area/C3806.csv","downloads/_C3806_19_.csv"
"200","C3806","http://www.bls.gov/cew/data/api/2016/4/area/C3806.csv","downloads/_C3806_20_.csv"
"201","C3890","http://www.bls.gov/cew/data/api/2012/1/area/C3890.csv","downloads/_C3890_1_.csv"
"202","C3890","http://www.bls.gov/cew/data/api/2013/1/area/C3890.csv","downloads/_C3890_2_.csv"
"203","C3890","http://www.bls.gov/cew/data/api/2014/1/area/C3890.csv","downloads/_C3890_3_.csv"
"204","C3890","http://www.bls.gov/cew/data/api/2015/1/area/C3890.csv","downloads/_C3890_4_.csv"
"205","C3890","http://www.bls.gov/cew/data/api/2016/1/area/C3890.csv","downloads/_C3890_5_.csv"
"206","C3890","http://www.bls.gov/cew/data/api/2012/2/area/C3890.csv","downloads/_C3890_6_.csv"
"207","C3890","http://www.bls.gov/cew/data/api/2013/2/area/C3890.csv","downloads/_C3890_7_.csv"
"208","C3890","http://www.bls.gov/cew/data/api/2014/2/area/C3890.csv","downloads/_C3890_8_.csv"
"209","C3890","http://www.bls.gov/cew/data/api/2015/2/area/C3890.csv","downloads/_C3890_9_.csv"
"210","C3890","http://www.bls.gov/cew/data/api/2016/2/area/C3890.csv","downloads/_C3890_10_.csv"
"211","C3890","http://www.bls.gov/cew/data/api/2012/3/area/C3890.csv","downloads/_C3890_11_.csv"
"212","C3890","http://www.bls.gov/cew/data/api/2013/3/area/C3890.csv","downloads/_C3890_12_.csv"
"213","C3890","http://www.bls.gov/cew/data/api/2014/3/area/C3890.csv","downloads/_C3890_13_.csv"
"214","C3890","http://www.bls.gov/cew/data/api/2015/3/area/C3890.csv","downloads/_C3890_14_.csv"
"215","C3890","http://www.bls.gov/cew/data/api/2016/3/area/C3890.csv","downloads/_C3890_15_.csv"
"216","C3890","http://www.bls.gov/cew/data/api/2012/4/area/C3890.csv","downloads/_C3890_16_.csv"
"217","C3890","http://www.bls.gov/cew/data/api/2013/4/area/C3890.csv","downloads/_C3890_17_.csv"
"218","C3890","http://www.bls.gov/cew/data/api/2014/4/area/C3890.csv","downloads/_C3890_18_.csv"
"219","C3890","http://www.bls.gov/cew/data/api/2015/4/area/C3890.csv","downloads/_C3890_19_.csv"
"220","C3890","http://www.bls.gov/cew/data/api/2016/4/area/C3890.csv","downloads/_C3890_20_.csv"
"221","C4186","http://www.bls.gov/cew/data/api/2012/1/area/C4186.csv","downloads/_C4186_1_.csv"
"222","C4186","http://www.bls.gov/cew/data/api/2013/1/area/C4186.csv","downloads/_C4186_2_.csv"
"223","C4186","http://www.bls.gov/cew/data/api/2014/1/area/C4186.csv","downloads/_C4186_3_.csv"
"224","C4186","http://www.bls.gov/cew/data/api/2015/1/area/C4186.csv","downloads/_C4186_4_.csv"
"225","C4186","http://www.bls.gov/cew/data/api/2016/1/area/C4186.csv","downloads/_C4186_5_.csv"
"226","C4186","http://www.bls.gov/cew/data/api/2012/2/area/C4186.csv","downloads/_C4186_6_.csv"
"227","C4186","http://www.bls.gov/cew/data/api/2013/2/area/C4186.csv","downloads/_C4186_7_.csv"
"228","C4186","http://www.bls.gov/cew/data/api/2014/2/area/C4186.csv","downloads/_C4186_8_.csv"
"229","C4186","http://www.bls.gov/cew/data/api/2015/2/area/C4186.csv","downloads/_C4186_9_.csv"
"230","C4186","http://www.bls.gov/cew/data/api/2016/2/area/C4186.csv","downloads/_C4186_10_.csv"
"231","C4186","http://www.bls.gov/cew/data/api/2012/3/area/C4186.csv","downloads/_C4186_11_.csv"
"232","C4186","http://www.bls.gov/cew/data/api/2013/3/area/C4186.csv","downloads/_C4186_12_.csv"
"233","C4186","http://www.bls.gov/cew/data/api/2014/3/area/C4186.csv","downloads/_C4186_13_.csv"
"234","C4186","http://www.bls.gov/cew/data/api/2015/3/area/C4186.csv","downloads/_C4186_14_.csv"
"235","C4186","http://www.bls.gov/cew/data/api/2016/3/area/C4186.csv","downloads/_C4186_15_.csv"
"236","C4186","http://www.bls.gov/cew/data/api/2012/4/area/C4186.csv","downloads/_C4186_16_.csv"
"237","C4186","http://www.bls.gov/cew/data/api/2013/4/area/C4186.csv","downloads/_C4186_17_.csv"
"238","C4186","http://www.bls.gov/cew/data/api/2014/4/area/C4186.csv","downloads/_C4186_18_.csv"
"239","C4186","http://www.bls.gov/cew/data/api/2015/4/area/C4186.csv","downloads/_C4186_19_.csv"
"240","C4186","http://www.bls.gov/cew/data/api/2016/4/area/C4186.csv","downloads/_C4186_20_.csv"
"241","C4266","http://www.bls.gov/cew/data/api/2012/1/area/C4266.csv","downloads/_C4266_1_.csv"
"242","C4266","http://www.bls.gov/cew/data/api/2013/1/area/C4266.csv","downloads/_C4266_2_.csv"
"243","C4266","http://www.bls.gov/cew/data/api/2014/1/area/C4266.csv","downloads/_C4266_3_.csv"
"244","C4266","http://www.bls.gov/cew/data/api/2015/1/area/C4266.csv","downloads/_C4266_4_.csv"
"245","C4266","http://www.bls.gov/cew/data/api/2016/1/area/C4266.csv","downloads/_C4266_5_.csv"
"246","C4266","http://www.bls.gov/cew/data/api/2012/2/area/C4266.csv","downloads/_C4266_6_.csv"
"247","C4266","http://www.bls.gov/cew/data/api/2013/2/area/C4266.csv","downloads/_C4266_7_.csv"
"248","C4266","http://www.bls.gov/cew/data/api/2014/2/area/C4266.csv","downloads/_C4266_8_.csv"
"249","C4266","http://www.bls.gov/cew/data/api/2015/2/area/C4266.csv","downloads/_C4266_9_.csv"
"250","C4266","http://www.bls.gov/cew/data/api/2016/2/area/C4266.csv","downloads/_C4266_10_.csv"
"251","C4266","http://www.bls.gov/cew/data/api/2012/3/area/C4266.csv","downloads/_C4266_11_.csv"
"252","C4266","http://www.bls.gov/cew/data/api/2013/3/area/C4266.csv","downloads/_C4266_12_.csv"
"253","C4266","http://www.bls.gov/cew/data/api/2014/3/area/C4266.csv","downloads/_C4266_13_.csv"
"254","C4266","http://www.bls.gov/cew/data/api/2015/3/area/C4266.csv","downloads/_C4266_14_.csv"
"255","C4266","http://www.bls.gov/cew/data/api/2016/3/area/C4266.csv","downloads/_C4266_15_.csv"
"256","C4266","http://www.bls.gov/cew/data/api/2012/4/area/C4266.csv","downloads/_C4266_16_.csv"
"257","C4266","http://www.bls.gov/cew/data/api/2013/4/area/C4266.csv","downloads/_C4266_17_.csv"
"258","C4266","http://www.bls.gov/cew/data/api/2014/4/area/C4266.csv","downloads/_C4266_18_.csv"
"259","C4266","http://www.bls.gov/cew/data/api/2015/4/area/C4266.csv","downloads/_C4266_19_.csv"
"260","C4266","http://www.bls.gov/cew/data/api/2016/4/area/C4266.csv","downloads/_C4266_20_.csv"
